{
    "apples-red": [
        202.45866084540697,
        6.201206331517433,
        -50.0
    ],
    "apples-green": [
        178.7700950822888,
        7.065605594724007,
        -9.315091613871806
    ],
    "bananas": [
        400.1113185980793,
        6.446730730815425,
        -50.0
    ],
    "bananas-organic": [
        99.98281656201385,
        9.709070131556924,
        -20.054498484959755
    ],
    "broccoli": [
        193.38486589891107,
        10.964898482743862,
        50.0
    ],
    "rice": [
        404.9402368068695,
        4.0,
        -50
    ],
    "wine": [
        300.35333302079196,
        200.58504973375604,
        -20.8225363613814235
    ],
    "cheese": [
        120.81723171974035,
        6.633150812499339,
        -12.6900087431302264
    ],
    "beef": [
        66.9992636063328,
        10.2431381710816667,
        -49.829598996988686
    ],
    "avocado": [
        52.960572628592686,
        20.0,
        -2.1401637594531464
    ],
    "total_revenue": 133761.86596679688
}