{
    "apples-red": [
        202.45866084540697,
        1.9681649628839466,
        -39.65488562571335
    ],
    "apples-green": [
        178.7700950822888,
        4.055760743450418,
        -34.60303189892179
    ],
    "bananas": [
        451.20332549831676,
        3.283685166828958,
        -50.0
    ],
    "bananas-organic": [
        99.98281656201385,
        4.837088646177949,
        -25.57018235622342
    ],
    "broccoli": [
        193.38486589891107,
        3.0607540003869977,
        -33.47798604831057
    ],
    "rice": [
        300.9402368068695,
        2,
        -50
    ],
    "wine": [
        300.35333302079196,
        50.58504973375604,
        -80.8225363613814235
    ],
    "cheese": [
        34.27166408819649,
        5.636055484682979,
        -23.11670100233298
    ],
    "beef": [
        66.9992636063328,
        1.2070719483316186,
        -30.700123774047963
    ],
    "avocado": [
        52.960572628592686,
        20.0,
        -2.1401637594531464
    ],
    "total_revenue": 133761.86596679688
}