{
    "apples-red": [
        200.0,
        50.0,
        -0.5154721611263309
    ],
    "apples-green": [
        50.28079304025614,
        10.651528730869035,
        -20.530150234709602
    ],
    "bananas": [
        200.0,
        50.0,
        -27.71166229248047
    ],
    "bananas-organic": [
        66.049338130823,
        50.0,
        -0.906285456154786
    ],
    "broccoli": [
        124.72774762664115,
        50.0,
        -1.692608313575901
    ],
    "rice": [
        66.78316761781737,
        50.0,
        -0.9887214635334264
    ],
    "wine": [
        56.63815234569868,
        50.0,
        -2.27696414393771
    ],
    "cheese": [
        58.18242798588674,
        50.0,
        -1.8626466699957633
    ],
    "beef": [
        58.18242798588674,
        50.0,
        -1.8626466699957633
    ],
    "avocado": [
        57.1307175480234,
        50.0,
        -2.1832231718602997
    ]
}